"url","type","indexable","quality","uniqueValue","functionality","incomingPages","outgoingLinks","localStatus","liveStatus","action"
"https://utilitypilot.online/","Home","true","STRONG","43 browser tools for text, CSV, JSON, images, web publishing and development. Clear results with local processing and useful explanations.","Not a transformation tool","71","35","200","403 initial; 200 after JavaScript challenge","Review Hostinger challenge and verify actual Google crawler access; fresh browser first received 403."
"https://utilitypilot.online/tools/","Directory / category","true","ACCEPTABLE","Find tools for text, lists, CSV, JSON, images and web publishing. Search by task and browse five focused collections.","Not a transformation tool","71","46","200","200","Keep; deploy shared metadata correction. No consolidation indicated."
"https://utilitypilot.online/tools/text/","Directory / category","true","STRONG","Count words, characters and paragraphs, clean copied text, compare drafts and organize lists. Choose from eight browser tools with clear rules and examples.","Not a transformation tool","71","33","200","200","Keep; deploy shared metadata correction. No consolidation indicated."
"https://utilitypilot.online/tools/data/","Directory / category","true","STRONG","Inspect CSV files, preserve your values and transform JSON. Prepare smaller exports for the next application without opening a spreadsheet.","Not a transformation tool","71","31","200","200","Keep; deploy shared metadata correction. No consolidation indicated."
"https://utilitypilot.online/tools/image/","Directory / category","true","ACCEPTABLE","Resize, crop, convert and compress JPEG, PNG and WebP images. Check dimensions and actual file size before your next upload.","Not a transformation tool","71","17","200","200","Keep; deploy shared metadata correction. No consolidation indicated."
"https://utilitypilot.online/tools/web/","Directory / category","true","ACCEPTABLE","Build and inspect links, translate encoded text and check colors. Small publishing tasks, with the details made visible.","Not a transformation tool","71","26","200","200","Keep; deploy shared metadata correction. No consolidation indicated."
"https://utilitypilot.online/tools/developer/","Directory / category","true","STRONG","Test regex, decode JWTs, generate UUIDs and SHA hashes, and convert timestamps or number bases. Inspect results with explicit rules and local processing.","Not a transformation tool","71","26","200","200","Keep; deploy shared metadata correction. No consolidation indicated."
"https://utilitypilot.online/tools/text/word-counter/","Tool","true","STRONG","Use this online word counter to check words, characters, paragraphs, sentences and lines. Paste your text, choose its language, then select Count text. Character totals include both with-whitespace and without-whitespace counts.","PASS: live sample; local processor and browser suites","15","24","200","200","Keep; deploy shared metadata correction. No consolidation indicated."
"https://utilitypilot.online/tools/text/text-cleaner/","Tool","true","STRONG","Clean up text copied from documents, emails or websites. Remove extra spaces, trim line edges and repair hard wraps with explicit options, while keeping the original paste beside the cleaned result.","PASS: live sample; local processor and browser suites","13","23","200","200","Keep; deploy shared metadata correction. No consolidation indicated."
"https://utilitypilot.online/tools/text/remove-duplicate-lines/","Tool","true","STRONG","Remove duplicate lines from a pasted list while keeping the first or last occurrence. Choose exact matching or ignore case, surrounding whitespace and Unicode representation differences.","PASS: live sample; local processor and browser suites","11","19","200","200","Keep; deploy shared metadata correction. No consolidation indicated."
"https://utilitypilot.online/tools/text/sort-lines/","Tool","true","STRONG","Alphabetize a list with one item per line, or choose natural, numeric or length sorting. Select the language and direction, then copy the reordered list without changing the text of its entries.","PASS: live sample; local processor and browser suites","8","20","200","200","Keep; deploy shared metadata correction. No consolidation indicated."
"https://utilitypilot.online/tools/text/case-converter/","Tool","true","STRONG","Convert text to title case, uppercase, lowercase or sentence case in one place. Choose a case style and language, then review the result before copying it into a heading, label or document.","PASS: live sample; local processor and browser suites","5","19","200","200","Keep; deploy shared metadata correction. No consolidation indicated."
"https://utilitypilot.online/tools/text/find-and-replace/","Tool","true","STRONG","Find a word, phrase or literal separator and replace every non-overlapping match. Choose case and whole-word options, leave the replacement empty to remove matches, or use actual line breaks to split and join a simple list.","PASS: live sample; local processor and browser suites","10","21","200","200","Keep; deploy shared metadata correction. No consolidation indicated."
"https://utilitypilot.online/tools/text/text-diff/","Tool","true","STRONG","Compare text from two versions of a draft, message or configuration. Choose line or word comparison to see added, removed and unchanged passages, then copy or download the comparison report.","PASS: live sample; local processor and browser suites","12","26","200","200","Keep; deploy shared metadata correction. No consolidation indicated."
"https://utilitypilot.online/tools/text/compare-lists/","Tool","true","STRONG","Compare two lists to find shared and missing entries, or combine them into one unique list. Put one item per line and choose whether case, surrounding whitespace or Unicode spelling differences should affect matching.","PASS: live sample; local processor and browser suites","7","20","200","200","Keep; deploy shared metadata correction. No consolidation indicated."
"https://utilitypilot.online/tools/data/json-formatter/","Tool","true","STRONG","Make JSON readable, validate its syntax or produce compact output. Preserve large numeric values and the original order of object members.","PASS: live sample; local processor and browser suites","19","21","200","200","Keep; deploy shared metadata correction. No consolidation indicated."
"https://utilitypilot.online/tools/data/json-to-csv/","Tool","true","STRONG","Turn a JSON array of object records into a downloadable table. Choose nested-object flattening and keep only the columns you need.","PASS: live sample; local processor and browser suites","16","18","200","200","Keep; deploy shared metadata correction. No consolidation indicated."
"https://utilitypilot.online/tools/data/csv-to-json/","Tool","true","STRONG","Convert a CSV or TSV export into structured JSON. Keep values as strings by default, including identifiers with leading zeros.","PASS: live sample; local processor and browser suites","16","19","200","200","Keep; deploy shared metadata correction. No consolidation indicated."
"https://utilitypilot.online/tools/data/csv-viewer/","Tool","true","ACCEPTABLE","Inspect a CSV or TSV before importing it elsewhere. See columns, record counts and clear syntax errors without spreadsheet type conversion.","PASS: live sample; local processor and browser suites","16","13","200","200","Keep; deploy shared metadata correction. No consolidation indicated."
"https://utilitypilot.online/tools/data/csv-deduplicate/","Tool","true","ACCEPTABLE","Remove repeated CSV records using a whole row or selected key columns. Choose whether the first or last matching record survives.","PASS: live sample; local processor and browser suites","7","12","200","200","Keep; deploy shared metadata correction. No consolidation indicated."
"https://utilitypilot.online/tools/data/csv-column-editor/","Tool","true","ACCEPTABLE","Keep, rename and reorder CSV columns for another application. Adjust the schema while keeping field values unchanged.","PASS: live sample; local processor and browser suites","8","13","200","200","Improved schema guidance and preserved keyboard focus during reordering; deploy."
"https://utilitypilot.online/tools/data/delimiter-converter/","Tool","true","ACCEPTABLE","Convert CSV to TSV or change a comma, semicolon, tab or pipe delimiter. Keep separators inside quoted field values intact.","PASS: live sample; local processor and browser suites","5","12","200","200","Keep; deploy shared metadata correction. No consolidation indicated."
"https://utilitypilot.online/tools/data/csv-merge/","Tool","true","ACCEPTABLE","Append several CSV exports under one header. Check that column names and ordering match before combining their records.","PASS: live sample; local processor and browser suites","5","12","200","200","Clarified schema repair and preserved keyboard focus during file reordering; deploy."
"https://utilitypilot.online/tools/data/csv-split/","Tool","true","ACCEPTABLE","Split a CSV into smaller record batches for an import. Repeat the header in each part and download the numbered files individually.","PASS: live sample; local processor and browser suites","4","12","200","200","Clarified manifest versus individual CSV downloads and reconciliation; deploy."
"https://utilitypilot.online/tools/image/image-resizer/","Tool","true","ACCEPTABLE","Resize a JPEG, PNG or WebP to the dimensions you need. Keep the aspect ratio, fit inside a bounding box or deliberately stretch to exact pixels.","PASS: live sample; local processor and browser suites","11","13","200","200","Keep; deploy shared metadata correction. No consolidation indicated."
"https://utilitypilot.online/tools/image/image-compressor/","Tool","true","ACCEPTABLE","Reduce image bytes toward an upload limit and see whether the target was actually met. Keep dimensions unchanged unless you allow resizing.","PASS: live sample; local processor and browser suites","9","12","200","200","Keep; deploy shared metadata correction. No consolidation indicated."
"https://utilitypilot.online/tools/image/image-converter/","Tool","true","ACCEPTABLE","Convert between static JPEG, PNG and WebP in your browser. Choose a visible background when converting transparent artwork to JPEG.","PASS: live sample; local processor and browser suites","8","12","200","200","Keep; deploy shared metadata correction. No consolidation indicated."
"https://utilitypilot.online/tools/image/image-cropper/","Tool","true","ACCEPTABLE","Remove unwanted edges or frame an image at a chosen ratio. Use pointer selection or precise pixel coordinates to define the crop.","PASS: live sample; local processor and browser suites","6","12","200","200","Keep; deploy shared metadata correction. No consolidation indicated."
"https://utilitypilot.online/tools/image/image-inspector/","Tool","true","ACCEPTABLE","Check image dimensions, actual bytes, aspect ratio and transparent pixels. Understand which constraint an image needs to meet before editing it.","PASS: live sample; local processor and browser suites","8","13","200","200","Keep; deploy shared metadata correction. No consolidation indicated."
"https://utilitypilot.online/tools/image/image-color-picker/","Tool","true","ACCEPTABLE","Pick a color from a precise image pixel, or average a small square area. Copy its HEX, RGB and HSL values for your next design task.","PASS: live sample; local processor and browser suites","6","12","200","200","Keep; deploy shared metadata correction. No consolidation indicated."
"https://utilitypilot.online/tools/web/slug-generator/","Tool","true","ACCEPTABLE","Turn a title into a readable URL or filename identifier. Choose Latin transliteration or keep Unicode letters, with hyphens or underscores between words.","PASS: live sample; local processor and browser suites","14","13","200","200","Keep; deploy shared metadata correction. No consolidation indicated."
"https://utilitypilot.online/tools/web/url-parser/","Tool","true","ACCEPTABLE","Break a URL into readable components and ordered query pairs. Preserve repeated parameters and distinguish form-style spaces from literal plus signs.","PASS: live sample; local processor and browser suites","13","12","200","200","Keep; deploy shared metadata correction. No consolidation indicated."
"https://utilitypilot.online/tools/web/url-encoder-decoder/","Tool","true","STRONG","Encode a URL component or decode escaped text one layer at a time. Choose the correct space behavior for a URL component or form value.","PASS: live sample; local processor and browser suites","13","18","200","200","Keep; deploy shared metadata correction. No consolidation indicated."
"https://utilitypilot.online/tools/web/utm-builder/","Tool","true","ACCEPTABLE","Build a campaign link with consistent UTM fields. Keep unrelated query parameters and the page fragment while reviewing the resulting link.","PASS: live sample; local processor and browser suites","7","12","200","200","Repaired corrupted quotation marks in naming guidance; deploy."
"https://utilitypilot.online/tools/web/url-cleaner/","Tool","true","ACCEPTABLE","Remove selected common tracking parameters while retaining unknown fields. Inspect the cleaned link before sharing it.","PASS: live sample; local processor and browser suites","5","12","200","200","Keep; deploy shared metadata correction. No consolidation indicated."
"https://utilitypilot.online/tools/web/color-converter/","Tool","true","ACCEPTABLE","Convert HEX, RGB and HSL color notation with a visible swatch. Keep supported alpha values and see the rounding applied to sRGB channels.","PASS: live sample; local processor and browser suites","6","13","200","200","Keep; deploy shared metadata correction. No consolidation indicated."
"https://utilitypilot.online/tools/web/contrast-checker/","Tool","true","STRONG","Check the text contrast between two opaque colors. See the actual ratio and AA/AAA text thresholds, with a preview of your chosen size and weight.","PASS: live sample; local processor and browser suites","5","15","200","200","Corrected exact 14pt bold boundary; deploy."
"https://utilitypilot.online/tools/web/base64/","Tool","true","STRONG","Encode UTF-8 text or decode Base64 and Base64URL locally. When decoded bytes are not text, download the bytes instead of silently changing them.","PASS: live sample; local processor and browser suites","11","22","200","200","Keep; deploy shared metadata correction. No consolidation indicated."
"https://utilitypilot.online/tools/web/html-entities/","Tool","true","STRONG","Escape HTML characters for display or decode named and numeric entities into plain text. Inspect the output without rendering it as markup.","PASS: live sample; local processor and browser suites","7","18","200","200","Keep; deploy shared metadata correction. No consolidation indicated."
"https://utilitypilot.online/tools/data/json-viewer/","Tool","true","STRONG","Inspect nested JSON as an expandable tree. Find a key, value or JSON Pointer path without losing the original number spelling, then copy the complete formatted document.","PASS: live sample; local processor and browser suites","11","19","200","200","Keep; deploy shared metadata correction. No consolidation indicated."
"https://utilitypilot.online/tools/data/json-compare/","Tool","true","STRONG","Compare two JSON documents and inspect added, removed or changed values. Object key order is ignored; array positions remain significant. Large numeric values are compared without floating-point rounding.","PASS: live sample; local processor and browser suites","8","19","200","200","Keep; deploy shared metadata correction. No consolidation indicated."
"https://utilitypilot.online/tools/developer/regex-tester/","Tool","true","STRONG","Run a JavaScript regular expression against test text. Inspect each match, numbered and named capture groups, and zero-based positions before using the pattern in your own code.","PASS: live sample; local processor and browser suites","11","19","200","200","Keep; deploy shared metadata correction. No consolidation indicated."
"https://utilitypilot.online/tools/developer/jwt-decoder/","Tool","true","STRONG","Read the header and payload of a three-part compact JSON Web Token. Decoding a JWT does not verify that the token is authentic. This tool does not verify signatures or authorize requests.","PASS: live sample; local processor and browser suites","10","18","200","200","Keep; deploy shared metadata correction. No consolidation indicated."
"https://utilitypilot.online/tools/developer/uuid-generator/","Tool","true","STRONG","Generate random version-4 UUIDs using your browser’s cryptographic random generator. Choose a batch size, then copy or download one identifier per line.","PASS: live sample; local processor and browser suites","9","17","200","200","Keep; deploy shared metadata correction. No consolidation indicated."
"https://utilitypilot.online/tools/developer/hash-generator/","Tool","true","STRONG","Calculate a SHA-256, SHA-384 or SHA-512 digest of the text you enter. Spaces, punctuation and line breaks are included. Hashing creates a fingerprint; it is not encryption.","PASS: live sample; local processor and browser suites","7","18","200","200","Keep; deploy shared metadata correction. No consolidation indicated."
"https://utilitypilot.online/tools/developer/unix-timestamp/","Tool","true","STRONG","Convert a whole-number Unix timestamp to UTC, or convert an explicitly zoned date and time to epoch seconds and milliseconds. Choose the input units instead of relying on a guess.","PASS: live sample; local processor and browser suites","6","17","200","200","Keep; deploy shared metadata correction. No consolidation indicated."
"https://utilitypilot.online/tools/developer/number-base-converter/","Tool","true","STRONG","Convert an integer between binary, octal, decimal and hexadecimal. Results use exact integer arithmetic, including values larger than JavaScript’s ordinary safe-integer range.","PASS: live sample; local processor and browser suites","5","17","200","200","Keep; deploy shared metadata correction. No consolidation indicated."
"https://utilitypilot.online/tools/data/json-yaml-converter/","Tool","true","STRONG","Convert one configuration document between JSON and YAML. Choose the input direction, inspect the result, then copy or download it. Large integer values keep their digits; unsupported YAML features produce an error.","PASS: live sample; local processor and browser suites","7","19","200","200","Keep; deploy shared metadata correction. No consolidation indicated."
"https://utilitypilot.online/tools/developer/unicode-converter/","Tool","true","STRONG","Turn text into four-digit Unicode escapes or U+ code points, then decode either notation back to text. Inspect emoji and international text without evaluating code or changing Unicode normalization.","PASS: live sample; local processor and browser suites","7","20","200","200","Keep; deploy shared metadata correction. No consolidation indicated."
"https://utilitypilot.online/tools/web/markdown-to-html/","Tool","true","STRONG","Convert Markdown into HTML source for a publishing workflow. Headings, lists, emphasis and code become markup you can inspect and export. Raw HTML is escaped, and unsupported link destinations are removed.","PASS: live sample; local processor and browser suites","6","16","200","200","Keep; deploy shared metadata correction. No consolidation indicated."
"https://utilitypilot.online/guides/","Guide directory","true","ACCEPTABLE","Understand text cleanup, CSV imports, JSON conversion, image constraints and URL behavior with worked examples and connected tools.","Not a transformation tool","71","15","200","200","Keep; deploy shared metadata correction. No consolidation indicated."
"https://utilitypilot.online/guides/clean-copied-text/","Guide","true","STRONG","Repair hard wraps, non-breaking spaces and extra whitespace while preserving the structure that matters.","Not a transformation tool","8","12","200","200","Keep; deploy shared metadata correction. No consolidation indicated."
"https://utilitypilot.online/guides/compare-lists-and-text/","Guide","true","STRONG","Understand membership, duplicates and sequence edits before choosing a comparison tool.","Not a transformation tool","8","12","200","200","Keep; deploy shared metadata correction. No consolidation indicated."
"https://utilitypilot.online/guides/unicode-counting/","Guide","true","STRONG","Learn the difference between visible characters, code points, bytes and language-aware word counts.","Not a transformation tool","6","11","200","200","Keep; deploy shared metadata correction. No consolidation indicated."
"https://utilitypilot.online/guides/csv-import-troubleshooting/","Guide","true","STRONG","Diagnose delimiters, headers, quoting, encodings and leading-zero identifiers before changing a CSV.","Not a transformation tool","12","13","200","200","Keep; deploy shared metadata correction. No consolidation indicated."
"https://utilitypilot.online/guides/deduplicate-csv-by-key/","Guide","true","STRONG","Choose whole-row or key-column matching and understand which record survives.","Not a transformation tool","8","10","200","200","Keep; deploy shared metadata correction. No consolidation indicated."
"https://utilitypilot.online/guides/nested-json-to-csv/","Guide","true","STRONG","Understand object flattening, arrays, missing fields and numeric precision before exporting JSON as a table.","Not a transformation tool","7","10","200","200","Keep; deploy shared metadata correction. No consolidation indicated."
"https://utilitypilot.online/guides/json-syntax-and-formatting/","Guide","true","STRONG","Distinguish syntax validity, pretty-printing, duplicate keys and application-level validation.","Not a transformation tool","9","10","200","200","Keep; deploy shared metadata correction. No consolidation indicated."
"https://utilitypilot.online/guides/image-pixels-bytes-formats/","Guide","true","STRONG","Understand dimensions, compression, transparency and format choices before preparing an image.","Not a transformation tool","7","9","200","200","Keep; deploy shared metadata correction. No consolidation indicated."
"https://utilitypilot.online/guides/compress-image-to-upload-limit/","Guide","true","STRONG","Use actual bytes, suitable formats and explicit resizing choices to meet an upload constraint.","Not a transformation tool","8","9","200","200","Keep; deploy shared metadata correction. No consolidation indicated."
"https://utilitypilot.online/guides/crop-versus-resize/","Guide","true","STRONG","Compare fit, stretch and crop with exact dimensions and understand what each operation changes.","Not a transformation tool","5","9","200","200","Keep; deploy shared metadata correction. No consolidation indicated."
"https://utilitypilot.online/guides/url-encoding-and-tracking/","Guide","true","STRONG","Work through URL components, encoding layers, campaign values and conservative cleanup.","Not a transformation tool","10","12","200","200","Keep; deploy shared metadata correction. No consolidation indicated."
"https://utilitypilot.online/guides/color-contrast-method/","Guide","true","STRONG","Calculate sRGB luminance and understand text contrast thresholds without mistaking them for a full accessibility audit.","Not a transformation tool","6","8","200","200","Keep; deploy shared metadata correction. No consolidation indicated."
"https://utilitypilot.online/guides/inspect-api-data/","Guide","true","STRONG","Follow a practical workflow for JSON structure, JWT claims, timestamps, hashes and regex matches while preserving the meaning of the original data.","Not a transformation tool","14","28","200","200","Keep; deploy shared metadata correction. No consolidation indicated."
"https://utilitypilot.online/about/","Trust / support","true","ACCEPTABLE","A practical browser-based toolkit for text, data, images and web publishing.","Not a transformation tool","71","5","200","200","Added owner-supplied Fahad (UtilityPilot / Bazmino) identity and contact email locally; live page still needs deployment."
"https://utilitypilot.online/contact/","Trust / support","true","ACCEPTABLE","Prepare useful feedback about UtilityPilot with reproducible steps and no automatically attached tool data.","Local email link configured; public page still outdated","71","4","200","200","Configured bazminoadsense@gmail.com locally; owner reports receiving mail. Publish and verify the live address."
"https://utilitypilot.online/privacy-policy/","Trust / support","true","ACCEPTABLE","How UtilityPilot handles browser tool inputs, website requests, reports, downloads and local storage.","Not a transformation tool","71","3","200","200","Added Hostinger, provider policy, security challenges and owner-confirmed 30-day access-log policy; publish and verify the live text."
"https://utilitypilot.online/terms/","Trust / support","true","ACCEPTABLE","Use UtilityPilot responsibly, understand processing limits and keep your original material.","Not a transformation tool","71","5","200","200","Linked bundled dependency copyright and license notices shipped by the build; deploy."
"https://utilitypilot.online/cookie-policy/","Trust / support","true","ACCEPTABLE","UtilityPilot’s current application uses no cookies or automatic persistence for your tool inputs.","Not a transformation tool","71","3","200","200","Added observed hosting security-cookie disclosure; deploy and monitor configuration changes."
"https://utilitypilot.online/disclaimer/","Trust / support","true","ACCEPTABLE","Understand approximations, irreversible transformations and compatibility limits in UtilityPilot results.","Not a transformation tool","71","4","200","200","Keep; deploy shared metadata correction. No consolidation indicated."
"https://utilitypilot.online/report-an-error/","Trust / support","false","ACCEPTABLE","Prepare a reproducible UtilityPilot issue report locally, without automatically attaching your tool input.","Not a transformation tool","71","2","200","200","Configured owner-supplied contact address for reviewed email drafts; publish and verify."
"https://utilitypilot.online/404/","404","false","ACCEPTABLE","Find the tool you need in the UtilityPilot directory.","Not a transformation tool","0","2","404","404","Keep; deploy shared metadata correction. No consolidation indicated."
