Date,Total volume,word counter,character counter,character count,word counter online,paragraph counter
2025-10-01,44352,40722,875,1399,424,316
2025-11-01,45858,41763,916,1501,487,792
2025-12-01,41593,37796,1768,1146,350,264
2026-01-01,43303,39664,1614,1325,331,81
2026-02-01,43005,39844,1378,1253,231,51
2026-03-01,46698,42444,1673,1211,1113,13
2026-04-01,47416,43516,1861,1414,313,18
2026-05-01,47074,43738,1544,1235,315,21
2026-06-01,48744,44951,1814,1485,258,22
2026-07-01,44609,41176,1411,1397,361,31
2026-08-01,44181,40825,1291,1528,318,28
2026-09-01,46276,43025,1401,1310,285,22