path,type,intent,problem,related,overlap,decision,quality
"/","Homepage","Understand UtilityPilot and choose a workflow","Find a useful starting point among four artifact families","text-cleaner; csv-viewer; image-inspector","Directory overlap is navigational: home curates workflows, directory supports complete filtering","Keep distinct canonical page","Clear scope, real tool counts, no fake popularity or authority claims"
"/tools/","Directory","Find a named tool or task across all 32 tools","Search and filter the complete implemented inventory","All 32 tools","Four hubs narrow the material type; directory is the complete inventory","Keep distinct canonical page","Static links work without JS; dynamic empty search and keyboard state corrected"
"/tools/text/","Category hub","Choose an operation on text & lists","Count, clean, organize and compare text. Turn a messy paste or a repeated list into something ready to use.","word-counter; text-cleaner; remove-duplicate-lines; sort-lines; case-converter; find-and-replace; text-diff; compare-lists","Hub explains workflow selection; individual tool pages perform one operation","Keep distinct canonical page","Replaced generic repeated task paragraphs with three concrete category workflows"
"/tools/data/","Category hub","Choose an operation on data & tables","Inspect CSV files, preserve your values and transform JSON. Prepare smaller exports for the next application without opening a spreadsheet.","json-formatter; json-to-csv; csv-to-json; csv-viewer; csv-deduplicate; csv-column-editor; delimiter-converter; csv-merge; csv-split","Hub explains workflow selection; individual tool pages perform one operation","Keep distinct canonical page","Replaced generic repeated task paragraphs with three concrete category workflows"
"/tools/image/","Category hub","Choose an operation on images","Resize, crop, convert and compress JPEG, PNG and WebP images. Check dimensions and actual file size before your next upload.","image-resizer; image-compressor; image-converter; image-cropper; image-inspector; image-color-picker","Hub explains workflow selection; individual tool pages perform one operation","Keep distinct canonical page","Replaced generic repeated task paragraphs with three concrete category workflows"
"/tools/web/","Category hub","Choose an operation on web & publishing","Build and inspect links, translate encoded text and check colors. Small publishing tasks, with the details made visible.","slug-generator; url-parser; url-encoder-decoder; utm-builder; url-cleaner; color-converter; contrast-checker; base64; html-entities","Hub explains workflow selection; individual tool pages perform one operation","Keep distinct canonical page","Replaced generic repeated task paragraphs with three concrete category workflows"
"/tools/text/word-counter/","Tool","Complete word and character counter","Measure copy against a length limit.","word-counter","Same-intent aliases consolidated within this tool; guide provides education rather than an alternate tool.","Keep distinct canonical page","Reviewed instructions, methodology, worked example, limitation and FAQ. Specific supporting content retained."
"/tools/text/text-cleaner/","Tool","Complete text cleaner","Repair spacing after copying text.","text-cleaner","Same-intent aliases consolidated within this tool; guide provides education rather than an alternate tool.","Keep distinct canonical page","Reviewed instructions, methodology, worked example, limitation and FAQ. Specific supporting content retained."
"/tools/text/remove-duplicate-lines/","Tool","Complete remove duplicate lines","Remove repeated entries without changing list order.","remove-duplicate-lines","Same-intent aliases consolidated within this tool; guide provides education rather than an alternate tool.","Keep distinct canonical page","Reviewed instructions, methodology, worked example, limitation and FAQ. Specific supporting content retained."
"/tools/text/sort-lines/","Tool","Complete sort lines","Put a pasted list into useful order.","sort-lines","Same-intent aliases consolidated within this tool; guide provides education rather than an alternate tool.","Keep distinct canonical page","Reviewed instructions, methodology, worked example, limitation and FAQ. Corrected wording or behavior mismatch in audit."
"/tools/text/case-converter/","Tool","Complete text case converter","Normalize capitalization of pasted copy.","case-converter","Same-intent aliases consolidated within this tool; guide provides education rather than an alternate tool.","Keep distinct canonical page","Reviewed instructions, methodology, worked example, limitation and FAQ. Corrected wording or behavior mismatch in audit."
"/tools/text/find-and-replace/","Tool","Complete find and replace text","Change repeated literal text without editing each occurrence.","find-and-replace","Same-intent aliases consolidated within this tool; guide provides education rather than an alternate tool.","Keep distinct canonical page","Reviewed instructions, methodology, worked example, limitation and FAQ. Corrected wording or behavior mismatch in audit."
"/tools/text/text-diff/","Tool","Complete text difference checker","Locate edits between two versions.","text-diff","Sequence edits and set membership are different questions; linked guide demonstrates the distinction.","Keep distinct canonical page","Reviewed instructions, methodology, worked example, limitation and FAQ. Specific supporting content retained."
"/tools/text/compare-lists/","Tool","Complete compare lists","Find shared or missing entries in two lists.","compare-lists","Sequence edits and set membership are different questions; linked guide demonstrates the distinction.","Keep distinct canonical page","Reviewed instructions, methodology, worked example, limitation and FAQ. Specific supporting content retained."
"/tools/data/json-formatter/","Tool","Complete json formatter and validator","Make JSON readable and identify syntax errors.","json-formatter","Same-intent aliases consolidated within this tool; guide provides education rather than an alternate tool.","Keep distinct canonical page","Reviewed instructions, methodology, worked example, limitation and FAQ. Specific supporting content retained."
"/tools/data/json-to-csv/","Tool","Complete json to csv converter","Turn object records into spreadsheet-ready rows.","json-to-csv","Direction-specific inputs, type preservation and nesting rules justify separate converters.","Keep distinct canonical page","Reviewed instructions, methodology, worked example, limitation and FAQ. Specific supporting content retained."
"/tools/data/csv-to-json/","Tool","Complete csv to json converter","Prepare tabular exports for a JSON consumer.","csv-to-json","Direction-specific inputs, type preservation and nesting rules justify separate converters.","Keep distinct canonical page","Reviewed instructions, methodology, worked example, limitation and FAQ. Specific supporting content retained."
"/tools/data/csv-viewer/","Tool","Complete csv viewer and validator","Inspect a file before importing it.","csv-viewer","Same-intent aliases consolidated within this tool; guide provides education rather than an alternate tool.","Keep distinct canonical page","Reviewed instructions, methodology, worked example, limitation and FAQ. Specific supporting content retained."
"/tools/data/csv-deduplicate/","Tool","Complete remove duplicate csv rows","Remove duplicate records by selected fields.","csv-deduplicate","Same-intent aliases consolidated within this tool; guide provides education rather than an alternate tool.","Keep distinct canonical page","Reviewed instructions, methodology, worked example, limitation and FAQ. Specific supporting content retained."
"/tools/data/csv-column-editor/","Tool","Complete csv column editor","Select, rename and reorder fields for an import.","csv-column-editor","Same-intent aliases consolidated within this tool; guide provides education rather than an alternate tool.","Keep distinct canonical page","Reviewed instructions, methodology, worked example, limitation and FAQ. Specific supporting content retained."
"/tools/data/delimiter-converter/","Tool","Complete csv and tsv delimiter converter","Match the delimiter expected by another application.","delimiter-converter","Same-intent aliases consolidated within this tool; guide provides education rather than an alternate tool.","Keep distinct canonical page","Reviewed instructions, methodology, worked example, limitation and FAQ. Specific supporting content retained."
"/tools/data/csv-merge/","Tool","Complete merge csv files","Append repeated exports into one dataset.","csv-merge","Same-intent aliases consolidated within this tool; guide provides education rather than an alternate tool.","Keep distinct canonical page","Reviewed instructions, methodology, worked example, limitation and FAQ. Specific supporting content retained."
"/tools/data/csv-split/","Tool","Complete split csv file","Produce smaller import batches.","csv-split","Same-intent aliases consolidated within this tool; guide provides education rather than an alternate tool.","Keep distinct canonical page","Reviewed instructions, methodology, worked example, limitation and FAQ. Specific supporting content retained."
"/tools/image/image-resizer/","Tool","Complete image resizer","Meet a pixel-dimension requirement.","image-resizer","Inspection, crop, resize, format, byte compression and pixel sampling produce distinct results; no format/target-size variants.","Keep distinct canonical page","Reviewed instructions, methodology, worked example, limitation and FAQ. Specific supporting content retained."
"/tools/image/image-compressor/","Tool","Complete image compressor","Reduce bytes for an upload.","image-compressor","Inspection, crop, resize, format, byte compression and pixel sampling produce distinct results; no format/target-size variants.","Keep distinct canonical page","Reviewed instructions, methodology, worked example, limitation and FAQ. Corrected wording or behavior mismatch in audit."
"/tools/image/image-converter/","Tool","Complete image format converter","Use a supported format in another app.","image-converter","Inspection, crop, resize, format, byte compression and pixel sampling produce distinct results; no format/target-size variants.","Keep distinct canonical page","Reviewed instructions, methodology, worked example, limitation and FAQ. Specific supporting content retained."
"/tools/image/image-cropper/","Tool","Complete image cropper","Remove unwanted borders or frame an image.","image-cropper","Inspection, crop, resize, format, byte compression and pixel sampling produce distinct results; no format/target-size variants.","Keep distinct canonical page","Reviewed instructions, methodology, worked example, limitation and FAQ. Specific supporting content retained."
"/tools/image/image-inspector/","Tool","Complete image size and dimension checker","Understand why an image fails requirements.","image-inspector","Inspection, crop, resize, format, byte compression and pixel sampling produce distinct results; no format/target-size variants.","Keep distinct canonical page","Reviewed instructions, methodology, worked example, limitation and FAQ. Specific supporting content retained."
"/tools/image/image-color-picker/","Tool","Complete image color picker","Sample usable colors from artwork.","image-color-picker","Inspection, crop, resize, format, byte compression and pixel sampling produce distinct results; no format/target-size variants.","Keep distinct canonical page","Reviewed instructions, methodology, worked example, limitation and FAQ. Specific supporting content retained."
"/tools/web/slug-generator/","Tool","Complete url slug generator","Prepare readable page or file identifiers.","slug-generator","Same-intent aliases consolidated within this tool; guide provides education rather than an alternate tool.","Keep distinct canonical page","Reviewed instructions, methodology, worked example, limitation and FAQ. Specific supporting content retained."
"/tools/web/url-parser/","Tool","Complete url and query-string parser","Inspect components and repeated parameters.","url-parser","Same-intent aliases consolidated within this tool; guide provides education rather than an alternate tool.","Keep distinct canonical page","Reviewed instructions, methodology, worked example, limitation and FAQ. Specific supporting content retained."
"/tools/web/url-encoder-decoder/","Tool","Complete url encoder and decoder","Encode a component or read escaped data.","url-encoder-decoder","Same-intent aliases consolidated within this tool; guide provides education rather than an alternate tool.","Keep distinct canonical page","Reviewed instructions, methodology, worked example, limitation and FAQ. Specific supporting content retained."
"/tools/web/utm-builder/","Tool","Complete utm campaign url builder","Create consistently tagged campaign links.","utm-builder","Same-intent aliases consolidated within this tool; guide provides education rather than an alternate tool.","Keep distinct canonical page","Reviewed instructions, methodology, worked example, limitation and FAQ. Corrected wording or behavior mismatch in audit."
"/tools/web/url-cleaner/","Tool","Complete url tracking parameter cleaner","Remove selected tracking fields before sharing.","url-cleaner","Same-intent aliases consolidated within this tool; guide provides education rather than an alternate tool.","Keep distinct canonical page","Reviewed instructions, methodology, worked example, limitation and FAQ. Specific supporting content retained."
"/tools/web/color-converter/","Tool","Complete hex rgb hsl converter","Translate a design color into another notation.","color-converter","Same-intent aliases consolidated within this tool; guide provides education rather than an alternate tool.","Keep distinct canonical page","Reviewed instructions, methodology, worked example, limitation and FAQ. Specific supporting content retained."
"/tools/web/contrast-checker/","Tool","Complete color contrast checker","Check a foreground/background text pair.","contrast-checker","Same-intent aliases consolidated within this tool; guide provides education rather than an alternate tool.","Keep distinct canonical page","Reviewed instructions, methodology, worked example, limitation and FAQ. Specific supporting content retained."
"/tools/web/base64/","Tool","Complete base64 encoder and decoder","Convert text to or from Base64 representation.","base64","Same-intent aliases consolidated within this tool; guide provides education rather than an alternate tool.","Keep distinct canonical page","Reviewed instructions, methodology, worked example, limitation and FAQ. Specific supporting content retained."
"/tools/web/html-entities/","Tool","Complete html entity encoder and decoder","Escape markup as text or read encoded characters.","html-entities","Same-intent aliases consolidated within this tool; guide provides education rather than an alternate tool.","Keep distinct canonical page","Reviewed instructions, methodology, worked example, limitation and FAQ. Specific supporting content retained."
"/guides/","Guides index","Find an explanation or troubleshooting workflow","Choose among 12 task-specific learning pages","Relevant tools linked by each guide","Directory finds tools; guide index finds educational explanations","Keep distinct canonical page","Added missing H2 before guide card H3 headings"
"/guides/clean-copied-text/","Guide","Learn: Clean copied text without losing paragraphs","Repair hard wraps, non-breaking spaces and extra whitespace while preserving the structure that matters.","text-cleaner; word-counter; find-and-replace","Paragraph semantics and a reproducible cleanup pipeline extend the cleaner controls.","Keep distinct canonical page","Original worked example or concrete method, explicit limits and working related links reviewed."
"/guides/compare-lists-and-text/","Guide","Learn: Choose list comparison or text difference","Understand membership, duplicates and sequence edits before choosing a comparison tool.","compare-lists; text-diff; remove-duplicate-lines; sort-lines","Explains membership versus sequence, duplicate counts and matching choices across four tools.","Keep distinct canonical page","Original worked example or concrete method, explicit limits and working related links reviewed."
"/guides/unicode-counting/","Guide","Learn: Why word and character counts differ","Learn the difference between visible characters, code points, bytes and language-aware word counts.","word-counter; case-converter","Explains graphemes, code points and language segmentation; the tool computes counts.","Keep distinct canonical page","Original worked example or concrete method, explicit limits and working related links reviewed."
"/guides/csv-import-troubleshooting/","Guide","Learn: Fix CSV import problems without damaging values","Diagnose delimiters, headers, quoting, encodings and leading-zero identifiers before changing a CSV.","csv-viewer; delimiter-converter; csv-to-json; csv-column-editor; csv-merge; csv-split","Diagnoses multiple import failures across six tools; not a duplicate of CSV viewer.","Keep distinct canonical page","Original worked example or concrete method, explicit limits and working related links reviewed."
"/guides/deduplicate-csv-by-key/","Guide","Learn: Deduplicate CSV records by the right columns","Choose whole-row or key-column matching and understand which record survives.","csv-deduplicate; csv-column-editor; csv-viewer","Works through changed-address retention and composite keys; tool applies the selected rule.","Keep distinct canonical page","Original worked example or concrete method, explicit limits and working related links reviewed."
"/guides/nested-json-to-csv/","Guide","Learn: Convert nested JSON to CSV without hidden data loss","Understand object flattening, arrays, missing fields and numeric precision before exporting JSON as a table.","json-to-csv; json-formatter; csv-viewer","Explains irreversibility, arrays, missing/null and collision semantics; moderate topical overlap, distinct educational intent.","Keep distinct canonical page","Original worked example or concrete method, explicit limits and working related links reviewed."
"/guides/json-syntax-and-formatting/","Guide","Learn: JSON syntax, formatting and common errors","Distinguish syntax validity, pretty-printing, duplicate keys and application-level validation.","json-formatter; csv-to-json; json-to-csv","Syntax versus application schema, duplicate keys and numeric precision; moderate topical overlap, distinct troubleshooting intent.","Keep distinct canonical page","Original worked example or concrete method, explicit limits and working related links reviewed."
"/guides/image-pixels-bytes-formats/","Guide","Learn: Image pixels, file size and formats explained","Understand dimensions, compression, transparency and format choices before preparing an image.","image-inspector; image-resizer; image-converter","Format selection and transparency workflow, not a separate format converter.","Keep distinct canonical page","Original worked example or concrete method, explicit limits and working related links reviewed."
"/guides/compress-image-to-upload-limit/","Guide","Learn: Reduce an image for an upload limit","Use actual bytes, suitable formats and explicit resizing choices to meet an upload constraint.","image-compressor; image-resizer; image-inspector","Interprets upload constraints and quality/dimension tradeoffs; moderate topical overlap with compressor, distinct workflow tutorial.","Keep distinct canonical page","Original worked example or concrete method, explicit limits and working related links reviewed."
"/guides/crop-versus-resize/","Guide","Learn: Crop or resize an image to fit a frame","Compare fit, stretch and crop with exact dimensions and understand what each operation changes.","image-cropper; image-resizer; image-inspector","Explains operation selection through 400x300 fit/stretch/crop examples.","Keep distinct canonical page","Original worked example or concrete method, explicit limits and working related links reviewed."
"/guides/url-encoding-and-tracking/","Guide","Learn: URL encoding, repeated parameters and tracking fields","Work through URL components, encoding layers, campaign values and conservative cleanup.","url-parser; url-encoder-decoder; utm-builder; url-cleaner; slug-generator; base64; html-entities","Connects representation layers, repeated parameters and conservative query changes across tools.","Keep distinct canonical page","Original worked example or concrete method, explicit limits and working related links reviewed."
"/guides/color-contrast-method/","Guide","Learn: How text color contrast is calculated","Calculate sRGB luminance and understand text contrast thresholds without mistaking them for a full accessibility audit.","contrast-checker; color-converter; image-color-picker","Documents luminance formula and threshold interpretation rather than duplicating the interactive checker.","Keep distinct canonical page","Original worked example or concrete method, explicit limits and working related links reviewed."