path,http_status,indexable,canonical,title,h1,description,internal_links
"/","200","true","https://utilitypilot.online/","UtilityPilot — Practical tools for everyday digital tasks","Small tasks.Handled.","32 browser-based tools to clean text, transform CSV and JSON, prepare images, and handle web publishing tasks. Clear results, without a sign-up.","53"
"/tools/","200","true","https://utilitypilot.online/tools/","All 32 Online Tools | UtilityPilot","The right tool for the task.","Find tools for text, lists, CSV, JSON, images and web publishing. Search by task and browse four focused collections.","54"
"/tools/text/","200","true","https://utilitypilot.online/tools/text/","Text & Lists Tools | UtilityPilot","Text & Lists","Count, clean, organize and compare text. Turn a messy paste or a repeated list into something ready to use.","37"
"/tools/data/","200","true","https://utilitypilot.online/tools/data/","Data & Tables Tools | UtilityPilot","Data & Tables","Inspect CSV files, preserve your values and transform JSON. Prepare smaller exports for the next application without opening a spreadsheet.","39"
"/tools/image/","200","true","https://utilitypilot.online/tools/image/","Images Tools | UtilityPilot","Images","Resize, crop, convert and compress JPEG, PNG and WebP images. Check dimensions and actual file size before your next upload.","35"
"/tools/web/","200","true","https://utilitypilot.online/tools/web/","Web & Publishing Tools | UtilityPilot","Web & Publishing","Build and inspect links, translate encoded text and check colors. Small publishing tasks, with the details made visible.","37"
"/tools/text/word-counter/","200","true","https://utilitypilot.online/tools/text/word-counter/","Word and character counter | UtilityPilot","Word and character counter","Check the length of a draft, caption or pasted document. See words, visible characters and a reading-time estimate together, with the counting rules made explicit.","33"
"/tools/text/text-cleaner/","200","true","https://utilitypilot.online/tools/text/text-cleaner/","Text cleaner | UtilityPilot","Text cleaner","Repair spacing in text copied from documents and websites. Choose exactly which whitespace changes to apply, while keeping your original paste beside the result.","32"
"/tools/text/remove-duplicate-lines/","200","true","https://utilitypilot.online/tools/text/remove-duplicate-lines/","Remove duplicate lines | UtilityPilot","Remove duplicate lines","Remove repeated entries from a newline-separated list. Keep the first or last occurrence, with clear choices for case, whitespace and Unicode matching.","32"
"/tools/text/sort-lines/","200","true","https://utilitypilot.online/tools/text/sort-lines/","Sort lines | UtilityPilot","Sort lines","Arrange a list alphabetically, naturally, numerically or by character length. Reverse the existing order when you need the last entry first.","32"
"/tools/text/case-converter/","200","true","https://utilitypilot.online/tools/text/case-converter/","Text case converter | UtilityPilot","Text case converter","Change capitalization in pasted text without retyping it. Choose lowercase, uppercase, sentence case or title case and review the converted copy.","32"
"/tools/text/find-and-replace/","200","true","https://utilitypilot.online/tools/text/find-and-replace/","Find and replace text | UtilityPilot","Find and replace text","Replace repeated literal text in one pass. Preview the full result and match count while keeping the original input intact.","32"
"/tools/text/text-diff/","200","true","https://utilitypilot.online/tools/text/text-diff/","Text difference checker | UtilityPilot","Text difference checker","Compare two drafts or text files and see additions, deletions and unchanged passages. Choose line or word comparison to suit the size of the edits.","32"
"/tools/text/compare-lists/","200","true","https://utilitypilot.online/tools/text/compare-lists/","Compare lists | UtilityPilot","Compare lists","Find common and missing entries in two lists. Export their intersection, either one-sided difference, or their combined unique entries.","32"
"/tools/data/json-formatter/","200","true","https://utilitypilot.online/tools/data/json-formatter/","JSON formatter and validator | UtilityPilot","JSON formatter and validator","Make JSON readable, validate its syntax or produce compact output. Preserve large numeric values and the original order of object members.","33"
"/tools/data/json-to-csv/","200","true","https://utilitypilot.online/tools/data/json-to-csv/","JSON to CSV converter | UtilityPilot","JSON to CSV converter","Turn a JSON array of object records into a downloadable table. Choose nested-object flattening and keep only the columns you need.","33"
"/tools/data/csv-to-json/","200","true","https://utilitypilot.online/tools/data/csv-to-json/","CSV to JSON converter | UtilityPilot","CSV to JSON converter","Convert a CSV or TSV export into structured JSON. Keep values as strings by default, including identifiers with leading zeros.","33"
"/tools/data/csv-viewer/","200","true","https://utilitypilot.online/tools/data/csv-viewer/","CSV viewer and validator | UtilityPilot","CSV viewer and validator","Inspect a CSV or TSV before importing it elsewhere. See columns, record counts and clear syntax errors without spreadsheet type conversion.","33"
"/tools/data/csv-deduplicate/","200","true","https://utilitypilot.online/tools/data/csv-deduplicate/","Remove duplicate CSV rows | UtilityPilot","Remove duplicate CSV rows","Remove repeated CSV records using a whole row or selected key columns. Choose whether the first or last matching record survives.","32"
"/tools/data/csv-column-editor/","200","true","https://utilitypilot.online/tools/data/csv-column-editor/","CSV column editor | UtilityPilot","CSV column editor","Keep, rename and reorder CSV columns for another application. Adjust the schema while keeping field values unchanged.","33"
"/tools/data/delimiter-converter/","200","true","https://utilitypilot.online/tools/data/delimiter-converter/","CSV and TSV delimiter converter | UtilityPilot","CSV and TSV delimiter converter","Convert CSV to TSV or change a comma, semicolon, tab or pipe delimiter. Keep separators inside quoted field values intact.","32"
"/tools/data/csv-merge/","200","true","https://utilitypilot.online/tools/data/csv-merge/","Merge CSV files | UtilityPilot","Merge CSV files","Append several CSV exports under one header. Check that column names and ordering match before combining their records.","32"
"/tools/data/csv-split/","200","true","https://utilitypilot.online/tools/data/csv-split/","Split CSV file | UtilityPilot","Split CSV file","Split a CSV into smaller record batches for an import. Repeat the header in each part and download the numbered files individually.","32"
"/tools/image/image-resizer/","200","true","https://utilitypilot.online/tools/image/image-resizer/","Image resizer | UtilityPilot","Image resizer","Resize a JPEG, PNG or WebP to the dimensions you need. Keep the aspect ratio, fit inside a bounding box or deliberately stretch to exact pixels.","33"
"/tools/image/image-compressor/","200","true","https://utilitypilot.online/tools/image/image-compressor/","Image compressor | UtilityPilot","Image compressor","Reduce image bytes toward an upload limit and see whether the target was actually met. Keep dimensions unchanged unless you allow resizing.","32"
"/tools/image/image-converter/","200","true","https://utilitypilot.online/tools/image/image-converter/","Image format converter | UtilityPilot","Image format converter","Convert between static JPEG, PNG and WebP in your browser. Choose a visible background when converting transparent artwork to JPEG.","32"
"/tools/image/image-cropper/","200","true","https://utilitypilot.online/tools/image/image-cropper/","Image cropper | UtilityPilot","Image cropper","Remove unwanted edges or frame an image at a chosen ratio. Use pointer selection or precise pixel coordinates to define the crop.","32"
"/tools/image/image-inspector/","200","true","https://utilitypilot.online/tools/image/image-inspector/","Image size and dimension checker | UtilityPilot","Image size and dimension checker","Check image dimensions, actual bytes, aspect ratio and transparent pixels. Understand which constraint an image needs to meet before editing it.","33"
"/tools/image/image-color-picker/","200","true","https://utilitypilot.online/tools/image/image-color-picker/","Image color picker | UtilityPilot","Image color picker","Pick a color from a precise image pixel, or average a small square area. Copy its HEX, RGB and HSL values for your next design task.","32"
"/tools/web/slug-generator/","200","true","https://utilitypilot.online/tools/web/slug-generator/","URL slug generator | UtilityPilot","URL slug generator","Turn a title into a readable URL or filename identifier. Choose Latin transliteration or keep Unicode letters, with hyphens or underscores between words.","32"
"/tools/web/url-parser/","200","true","https://utilitypilot.online/tools/web/url-parser/","URL and query-string parser | UtilityPilot","URL and query-string parser","Break a URL into readable components and ordered query pairs. Preserve repeated parameters and distinguish form-style spaces from literal plus signs.","32"
"/tools/web/url-encoder-decoder/","200","true","https://utilitypilot.online/tools/web/url-encoder-decoder/","URL encoder and decoder | UtilityPilot","URL encoder and decoder","Encode a URL component or decode escaped text one layer at a time. Choose the correct space behavior for a URL component or form value.","32"
"/tools/web/utm-builder/","200","true","https://utilitypilot.online/tools/web/utm-builder/","UTM campaign URL builder | UtilityPilot","UTM campaign URL builder","Build a campaign link with consistent UTM fields. Keep unrelated query parameters and the page fragment while reviewing the resulting link.","32"
"/tools/web/url-cleaner/","200","true","https://utilitypilot.online/tools/web/url-cleaner/","URL tracking parameter cleaner | UtilityPilot","URL tracking parameter cleaner","Remove selected common tracking parameters while retaining unknown fields. Inspect the cleaned link before sharing it.","32"
"/tools/web/color-converter/","200","true","https://utilitypilot.online/tools/web/color-converter/","HEX RGB HSL converter | UtilityPilot","HEX RGB HSL converter","Convert HEX, RGB and HSL color notation with a visible swatch. Keep supported alpha values and see the rounding applied to sRGB channels.","32"
"/tools/web/contrast-checker/","200","true","https://utilitypilot.online/tools/web/contrast-checker/","Color contrast checker | UtilityPilot","Color contrast checker","Check the text contrast between two opaque colors. See the actual ratio and AA/AAA text thresholds, with a preview of your chosen size and weight.","32"
"/tools/web/base64/","200","true","https://utilitypilot.online/tools/web/base64/","Base64 encoder and decoder | UtilityPilot","Base64 encoder and decoder","Encode UTF-8 text or decode Base64 and Base64URL locally. When decoded bytes are not text, download the bytes instead of silently changing them.","32"
"/tools/web/html-entities/","200","true","https://utilitypilot.online/tools/web/html-entities/","HTML entity encoder and decoder | UtilityPilot","HTML entity encoder and decoder","Escape HTML characters for display or decode named and numeric entities into plain text. Inspect the output without rendering it as markup.","32"
"/guides/","200","true","https://utilitypilot.online/guides/","Practical Guides for Digital Tasks | UtilityPilot","Understand the task.Trust the result.","Understand text cleanup, CSV imports, JSON conversion, image constraints and URL behavior with worked examples and connected tools.","33"
"/guides/clean-copied-text/","200","true","https://utilitypilot.online/guides/clean-copied-text/","Clean copied text without losing paragraphs | UtilityPilot","Clean copied text without losing paragraphs","Repair hard wraps, non-breaking spaces and extra whitespace while preserving the structure that matters.","28"
"/guides/compare-lists-and-text/","200","true","https://utilitypilot.online/guides/compare-lists-and-text/","Choose list comparison or text difference | UtilityPilot","Choose list comparison or text difference","Understand membership, duplicates and sequence edits before choosing a comparison tool.","29"
"/guides/unicode-counting/","200","true","https://utilitypilot.online/guides/unicode-counting/","Why word and character counts differ | UtilityPilot","Why word and character counts differ","Learn the difference between visible characters, code points, bytes and language-aware word counts.","27"
"/guides/csv-import-troubleshooting/","200","true","https://utilitypilot.online/guides/csv-import-troubleshooting/","Fix CSV import problems without damaging values | UtilityPilot","Fix CSV import problems without damaging values","Diagnose delimiters, headers, quoting, encodings and leading-zero identifiers before changing a CSV.","32"
"/guides/deduplicate-csv-by-key/","200","true","https://utilitypilot.online/guides/deduplicate-csv-by-key/","Deduplicate CSV records by the right columns | UtilityPilot","Deduplicate CSV records by the right columns","Choose whole-row or key-column matching and understand which record survives.","29"
"/guides/nested-json-to-csv/","200","true","https://utilitypilot.online/guides/nested-json-to-csv/","Convert nested JSON to CSV without hidden data loss | UtilityPilot","Convert nested JSON to CSV without hidden data loss","Understand object flattening, arrays, missing fields and numeric precision before exporting JSON as a table.","29"
"/guides/json-syntax-and-formatting/","200","true","https://utilitypilot.online/guides/json-syntax-and-formatting/","JSON syntax, formatting and common errors | UtilityPilot","JSON syntax, formatting and common errors","Distinguish syntax validity, pretty-printing, duplicate keys and application-level validation.","29"
"/guides/image-pixels-bytes-formats/","200","true","https://utilitypilot.online/guides/image-pixels-bytes-formats/","Image pixels, file size and formats explained | UtilityPilot","Image pixels, file size and formats explained","Understand dimensions, compression, transparency and format choices before preparing an image.","28"
"/guides/compress-image-to-upload-limit/","200","true","https://utilitypilot.online/guides/compress-image-to-upload-limit/","Reduce an image for an upload limit | UtilityPilot","Reduce an image for an upload limit","Use actual bytes, suitable formats and explicit resizing choices to meet an upload constraint.","28"
"/guides/crop-versus-resize/","200","true","https://utilitypilot.online/guides/crop-versus-resize/","Crop or resize an image to fit a frame | UtilityPilot","Crop or resize an image to fit a frame","Compare fit, stretch and crop with exact dimensions and understand what each operation changes.","28"
"/guides/url-encoding-and-tracking/","200","true","https://utilitypilot.online/guides/url-encoding-and-tracking/","URL encoding, repeated parameters and tracking fields | UtilityPilot","URL encoding, repeated parameters and tracking fields","Work through URL components, encoding layers, campaign values and conservative cleanup.","31"
"/guides/color-contrast-method/","200","true","https://utilitypilot.online/guides/color-contrast-method/","How text color contrast is calculated | UtilityPilot","How text color contrast is calculated","Calculate sRGB luminance and understand text contrast thresholds without mistaking them for a full accessibility audit.","27"
"/about/","200","true","https://utilitypilot.online/about/","About UtilityPilot | UtilityPilot","About UtilityPilot","A practical browser-based toolkit for text, data, images and web publishing.","24"
"/contact/","200","true","https://utilitypilot.online/contact/","Contact and feedback | UtilityPilot","Contact and feedback","Prepare useful feedback about UtilityPilot with reproducible steps and no automatically attached tool data.","23"
"/privacy-policy/","200","true","https://utilitypilot.online/privacy-policy/","Privacy policy | UtilityPilot","Privacy policy","How UtilityPilot handles browser tool inputs, website requests, reports, downloads and local storage.","22"
"/terms/","200","true","https://utilitypilot.online/terms/","Terms of use | UtilityPilot","Terms of use","Use UtilityPilot responsibly, understand processing limits and keep your original material.","23"
"/cookie-policy/","200","true","https://utilitypilot.online/cookie-policy/","Cookie and storage policy | UtilityPilot","Cookie and storage policy","UtilityPilot’s current application uses no cookies or automatic persistence for your tool inputs.","22"
"/disclaimer/","200","true","https://utilitypilot.online/disclaimer/","Tool limitations and disclaimer | UtilityPilot","Tool limitations and disclaimer","Understand approximations, irreversible transformations and compatibility limits in UtilityPilot results.","23"
"/report-an-error/","200","false","https://utilitypilot.online/report-an-error/","Report an error | UtilityPilot","Report an error","Prepare a reproducible UtilityPilot issue report locally, without automatically attaching your tool input.","21"
"/404/","404","false","https://utilitypilot.online/404/","Page not found | UtilityPilot","This page isn’t here.Your next tool probably is.","Find the tool you need in the UtilityPilot directory.","21"